{
	"credit": "Made by GyulTeacher",
	"textures": {
		"0": "block/oak_planks",
		"2": "block/cake_top",
		"3": "block/pink_glazed_terracotta",
		"particle": "block/oak_planks"
	},
	"elements": [
		{
			"from": [7, 0, 8],
			"to": [7.5, 4.6, 8.5],
			"rotation": {"angle": 0, "axis": "y", "origin": [15, 8, 16]},
			"faces": {
				"north": {"uv": [4, 0, 4.875, 0.875], "texture": "#0"},
				"east": {"uv": [6, 0, 6.75, 0.75], "texture": "#0"},
				"south": {"uv": [5.125, 0, 5.75, 0.75], "texture": "#0"},
				"west": {"uv": [5.375, 0, 6.125, 0.875], "texture": "#0"},
				"up": {"uv": [0, 0, 0.5, 0.5], "texture": "#0"},
				"down": {"uv": [4.625, 0, 5.125, 0.5], "texture": "#0"}
			}
		},
		{
			"from": [6.825, 2, 7.825],
			"to": [7.69, 4.5, 8.69],
			"rotation": {"angle": 0, "axis": "y", "origin": [16, 10, 16]},
			"faces": {
				"north": {"uv": [6.125, 4, 6.875, 4.75], "texture": "#3"},
				"east": {"uv": [6, 4.125, 6.875, 4.875], "texture": "#3"},
				"south": {"uv": [6.25, 4.25, 6.875, 4.75], "texture": "#3"},
				"west": {"uv": [6.25, 4.125, 6.75, 4.875], "texture": "#3"},
				"up": {"uv": [6, 4, 6.875, 4.875], "texture": "#3"},
				"down": {"uv": [6.125, 4.125, 7, 5], "texture": "#3"}
			}
		},
		{
			"from": [7, 3, 8.5],
			"to": [7.25, 3.25, 8.75],
			"rotation": {"angle": 0, "axis": "y", "origin": [15, 11, 17]},
			"faces": {
				"north": {"uv": [3.25, 2.5, 3.875, 3.25], "texture": "#2"},
				"east": {"uv": [5.5, 5.25, 6.125, 5.75], "texture": "#2"},
				"south": {"uv": [3.25, 2.25, 3.875, 2.875], "texture": "#2"},
				"west": {"uv": [3.25, 2.125, 3.875, 2.75], "texture": "#2"},
				"up": {"uv": [3.25, 2.25, 3.875, 2.875], "texture": "#2"},
				"down": {"uv": [3.25, 2.25, 3.75, 3], "texture": "#2"}
			}
		},
		{
			"from": [7.5, 3.5, 8.5],
			"to": [7.75, 3.75, 8.75],
			"rotation": {"angle": 0, "axis": "y", "origin": [15.5, 11.5, 17]},
			"faces": {
				"north": {"uv": [3.25, 2.5, 3.875, 3.25], "texture": "#2"},
				"east": {"uv": [5.5, 5.25, 6.125, 5.75], "texture": "#2"},
				"south": {"uv": [3.25, 2.25, 3.875, 2.875], "texture": "#2"},
				"west": {"uv": [3.25, 2.125, 3.875, 2.75], "texture": "#2"},
				"up": {"uv": [3.25, 2.25, 3.875, 2.875], "texture": "#2"},
				"down": {"uv": [3.25, 2.25, 3.75, 3], "texture": "#2"}
			}
		},
		{
			"from": [7.25, 4, 8.5],
			"to": [7.5, 4.25, 8.75],
			"rotation": {"angle": 0, "axis": "y", "origin": [15.25, 12, 17]},
			"faces": {
				"north": {"uv": [3.25, 2.5, 3.875, 3.25], "texture": "#2"},
				"east": {"uv": [5.5, 5.25, 6.125, 5.75], "texture": "#2"},
				"south": {"uv": [3.25, 2.25, 3.875, 2.875], "texture": "#2"},
				"west": {"uv": [3.25, 2.125, 3.875, 2.75], "texture": "#2"},
				"up": {"uv": [3.25, 2.25, 3.875, 2.875], "texture": "#2"},
				"down": {"uv": [3.25, 2.25, 3.75, 3], "texture": "#2"}
			}
		},
		{
			"from": [7.25, 4.125, 7.75],
			"to": [7.5, 4.375, 8],
			"rotation": {"angle": 0, "axis": "y", "origin": [15.25, 12, 16.25]},
			"faces": {
				"north": {"uv": [3.25, 2.5, 3.875, 3.25], "texture": "#2"},
				"east": {"uv": [5.5, 5.25, 6.125, 5.75], "texture": "#2"},
				"south": {"uv": [3.25, 2.25, 3.875, 2.875], "texture": "#2"},
				"west": {"uv": [3.25, 2.125, 3.875, 2.75], "texture": "#2"},
				"up": {"uv": [3.25, 2.25, 3.875, 2.875], "texture": "#2"},
				"down": {"uv": [3.25, 2.25, 3.75, 3], "texture": "#2"}
			}
		},
		{
			"from": [7.5, 3.375, 7.75],
			"to": [7.75, 3.625, 8],
			"rotation": {"angle": 0, "axis": "y", "origin": [15.5, 11.25, 16.25]},
			"faces": {
				"north": {"uv": [3.25, 2.5, 3.875, 3.25], "texture": "#2"},
				"east": {"uv": [5.5, 5.25, 6.125, 5.75], "texture": "#2"},
				"south": {"uv": [3.25, 2.25, 3.875, 2.875], "texture": "#2"},
				"west": {"uv": [3.25, 2.125, 3.875, 2.75], "texture": "#2"},
				"up": {"uv": [3.25, 2.25, 3.875, 2.875], "texture": "#2"},
				"down": {"uv": [3.25, 2.25, 3.75, 3], "texture": "#2"}
			}
		},
		{
			"from": [7, 2.875, 7.75],
			"to": [7.25, 3.125, 8],
			"rotation": {"angle": 0, "axis": "y", "origin": [15, 10.75, 16.25]},
			"faces": {
				"north": {"uv": [3.25, 2.5, 3.875, 3.25], "texture": "#2"},
				"east": {"uv": [5.5, 5.25, 6.125, 5.75], "texture": "#2"},
				"south": {"uv": [3.25, 2.25, 3.875, 2.875], "texture": "#2"},
				"west": {"uv": [3.25, 2.125, 3.875, 2.75], "texture": "#2"},
				"up": {"uv": [3.25, 2.25, 3.875, 2.875], "texture": "#2"},
				"down": {"uv": [3.25, 2.25, 3.75, 3], "texture": "#2"}
			}
		},
		{
			"from": [7.25, 2.375, 7.75],
			"to": [7.5, 2.625, 8],
			"rotation": {"angle": 0, "axis": "y", "origin": [15.25, 10.25, 16.25]},
			"faces": {
				"north": {"uv": [3.25, 2.5, 3.875, 3.25], "texture": "#2"},
				"east": {"uv": [5.5, 5.25, 6.125, 5.75], "texture": "#2"},
				"south": {"uv": [3.25, 2.25, 3.875, 2.875], "texture": "#2"},
				"west": {"uv": [3.25, 2.125, 3.875, 2.75], "texture": "#2"},
				"up": {"uv": [3.25, 2.25, 3.875, 2.875], "texture": "#2"},
				"down": {"uv": [3.25, 2.25, 3.75, 3], "texture": "#2"}
			}
		},
		{
			"from": [6.75, 4.1, 8],
			"to": [7, 4.35, 8.25],
			"rotation": {"angle": 0, "axis": "y", "origin": [14.5, 11.975, 16.5]},
			"faces": {
				"north": {"uv": [3.25, 2.5, 3.875, 3.25], "texture": "#2"},
				"east": {"uv": [5.5, 5.25, 6.125, 5.75], "texture": "#2"},
				"south": {"uv": [3.25, 2.25, 3.875, 2.875], "texture": "#2"},
				"west": {"uv": [3.25, 2.125, 3.875, 2.75], "texture": "#2"},
				"up": {"uv": [3.25, 2.25, 3.875, 2.875], "texture": "#2"},
				"down": {"uv": [3.25, 2.25, 3.75, 3], "texture": "#2"}
			}
		},
		{
			"from": [6.75, 3.6, 8.25],
			"to": [7, 3.85, 8.5],
			"rotation": {"angle": 0, "axis": "y", "origin": [14.5, 11.475, 16.75]},
			"faces": {
				"north": {"uv": [3.25, 2.5, 3.875, 3.25], "texture": "#2"},
				"east": {"uv": [5.5, 5.25, 6.125, 5.75], "texture": "#2"},
				"south": {"uv": [3.25, 2.25, 3.875, 2.875], "texture": "#2"},
				"west": {"uv": [3.25, 2.125, 3.875, 2.75], "texture": "#2"},
				"up": {"uv": [3.25, 2.25, 3.875, 2.875], "texture": "#2"},
				"down": {"uv": [3.25, 2.25, 3.75, 3], "texture": "#2"}
			}
		},
		{
			"from": [6.75, 3.35, 7.75],
			"to": [7, 3.6, 8],
			"rotation": {"angle": 0, "axis": "y", "origin": [14.5, 11.225, 16.25]},
			"faces": {
				"north": {"uv": [3.25, 2.5, 3.875, 3.25], "texture": "#2"},
				"east": {"uv": [5.5, 5.25, 6.125, 5.75], "texture": "#2"},
				"south": {"uv": [3.25, 2.25, 3.875, 2.875], "texture": "#2"},
				"west": {"uv": [3.25, 2.125, 3.875, 2.75], "texture": "#2"},
				"up": {"uv": [3.25, 2.25, 3.875, 2.875], "texture": "#2"},
				"down": {"uv": [3.25, 2.25, 3.75, 3], "texture": "#2"}
			}
		},
		{
			"from": [6.75, 3.1, 8.25],
			"to": [7, 3.35, 8.5],
			"rotation": {"angle": 0, "axis": "y", "origin": [14.5, 10.975, 16.75]},
			"faces": {
				"north": {"uv": [3.25, 2.5, 3.875, 3.25], "texture": "#2"},
				"east": {"uv": [5.5, 5.25, 6.125, 5.75], "texture": "#2"},
				"south": {"uv": [3.25, 2.25, 3.875, 2.875], "texture": "#2"},
				"west": {"uv": [3.25, 2.125, 3.875, 2.75], "texture": "#2"},
				"up": {"uv": [3.25, 2.25, 3.875, 2.875], "texture": "#2"},
				"down": {"uv": [3.25, 2.25, 3.75, 3], "texture": "#2"}
			}
		},
		{
			"from": [6.75, 2.6, 8.5],
			"to": [7, 2.85, 8.75],
			"rotation": {"angle": 0, "axis": "y", "origin": [14.5, 10.475, 17]},
			"faces": {
				"north": {"uv": [3.25, 2.5, 3.875, 3.25], "texture": "#2"},
				"east": {"uv": [5.5, 5.25, 6.125, 5.75], "texture": "#2"},
				"south": {"uv": [3.25, 2.25, 3.875, 2.875], "texture": "#2"},
				"west": {"uv": [3.25, 2.125, 3.875, 2.75], "texture": "#2"},
				"up": {"uv": [3.25, 2.25, 3.875, 2.875], "texture": "#2"},
				"down": {"uv": [3.25, 2.25, 3.75, 3], "texture": "#2"}
			}
		},
		{
			"from": [6.75, 2.35, 7.75],
			"to": [7, 2.6, 8],
			"rotation": {"angle": 0, "axis": "y", "origin": [14.5, 10.225, 16.25]},
			"faces": {
				"north": {"uv": [3.25, 2.5, 3.875, 3.25], "texture": "#2"},
				"east": {"uv": [5.5, 5.25, 6.125, 5.75], "texture": "#2"},
				"south": {"uv": [3.25, 2.25, 3.875, 2.875], "texture": "#2"},
				"west": {"uv": [3.25, 2.125, 3.875, 2.75], "texture": "#2"},
				"up": {"uv": [3.25, 2.25, 3.875, 2.875], "texture": "#2"},
				"down": {"uv": [3.25, 2.25, 3.75, 3], "texture": "#2"}
			}
		},
		{
			"from": [7.5, 2.35, 7.75],
			"to": [7.75, 2.6, 8],
			"rotation": {"angle": 0, "axis": "y", "origin": [15.25, 10.225, 16.25]},
			"faces": {
				"north": {"uv": [3.25, 2.5, 3.875, 3.25], "texture": "#2"},
				"east": {"uv": [5.5, 5.25, 6.125, 5.75], "texture": "#2"},
				"south": {"uv": [3.25, 2.25, 3.875, 2.875], "texture": "#2"},
				"west": {"uv": [3.25, 2.125, 3.875, 2.75], "texture": "#2"},
				"up": {"uv": [3.25, 2.25, 3.875, 2.875], "texture": "#2"},
				"down": {"uv": [3.25, 2.25, 3.75, 3], "texture": "#2"}
			}
		},
		{
			"from": [7.5, 2.85, 8],
			"to": [7.75, 3.1, 8.25],
			"rotation": {"angle": 0, "axis": "y", "origin": [15.25, 10.725, 16.5]},
			"faces": {
				"north": {"uv": [3.25, 2.5, 3.875, 3.25], "texture": "#2"},
				"east": {"uv": [5.5, 5.25, 6.125, 5.75], "texture": "#2"},
				"south": {"uv": [3.25, 2.25, 3.875, 2.875], "texture": "#2"},
				"west": {"uv": [3.25, 2.125, 3.875, 2.75], "texture": "#2"},
				"up": {"uv": [3.25, 2.25, 3.875, 2.875], "texture": "#2"},
				"down": {"uv": [3.25, 2.25, 3.75, 3], "texture": "#2"}
			}
		},
		{
			"from": [7.5, 3.85, 8],
			"to": [7.75, 4.1, 8.25],
			"rotation": {"angle": 0, "axis": "y", "origin": [15.25, 11.725, 16.5]},
			"faces": {
				"north": {"uv": [3.25, 2.5, 3.875, 3.25], "texture": "#2"},
				"east": {"uv": [5.5, 5.25, 6.125, 5.75], "texture": "#2"},
				"south": {"uv": [3.25, 2.25, 3.875, 2.875], "texture": "#2"},
				"west": {"uv": [3.25, 2.125, 3.875, 2.75], "texture": "#2"},
				"up": {"uv": [3.25, 2.25, 3.875, 2.875], "texture": "#2"},
				"down": {"uv": [3.25, 2.25, 3.75, 3], "texture": "#2"}
			}
		}
	],
	"display": {
		"thirdperson_righthand": {
			"translation": [1, 7.5, 1.25]
		},
		"thirdperson_lefthand": {
			"translation": [1, 7.5, 1.25]
		},
		"firstperson_righthand": {
			"rotation": [-16, 0, 0],
			"translation": [0, 7.25, 0]
		},
		"firstperson_lefthand": {
			"rotation": [-16, 0, 0],
			"translation": [0, 7.25, 0]
		},
		"ground": {
			"translation": [0, 5, 0]
		}
	},
	"groups": [0, 1,
		{
			"name": "group",
			"origin": [8, 8, 8],
			"children": [2, 3, 4, 5, 6, 7, 8, 9, 10, 11, 12, 13, 14, 15, 16, 17]
		}
	]
}