{
	"credit": "Made by GyulTeacher",
	"textures": {
		"0": "block/oak_planks",
		"2": "block/cake_top",
		"3": "block/pink_glazed_terracotta",
		"particle": "block/oak_planks"
	},
	"elements": [
		{
			"from": [7, 0, 8],
			"to": [7.5, 8.6, 8.5],
			"rotation": {"angle": 0, "axis": "y", "origin": [15, 8, 16]},
			"faces": {
				"north": {"uv": [4, 0, 4.875, 0.875], "texture": "#0"},
				"east": {"uv": [6, 0, 6.75, 0.75], "texture": "#0"},
				"south": {"uv": [5.125, 0, 5.75, 0.75], "texture": "#0"},
				"west": {"uv": [5.375, 0, 6.125, 0.875], "texture": "#0"},
				"up": {"uv": [0, 0, 0.5, 0.5], "texture": "#0"},
				"down": {"uv": [4.625, 0, 5.125, 0.5], "texture": "#0"}
			}
		},
		{
			"from": [6.825, 2, 7.825],
			"to": [7.69, 8.5, 8.69],
			"rotation": {"angle": 0, "axis": "y", "origin": [16, 10, 16]},
			"faces": {
				"north": {"uv": [6.125, 4, 6.875, 4.75], "texture": "#3"},
				"east": {"uv": [6, 4.125, 6.875, 4.875], "texture": "#3"},
				"south": {"uv": [6.25, 4.25, 6.875, 4.75], "texture": "#3"},
				"west": {"uv": [6.25, 4.125, 6.75, 4.875], "texture": "#3"},
				"up": {"uv": [6, 4, 6.875, 4.875], "texture": "#3"},
				"down": {"uv": [6.125, 4.125, 7, 5], "texture": "#3"}
			}
		},
		{
			"from": [7, 8.6, 8.25],
			"to": [7.25, 8.7, 8.5],
			"rotation": {"angle": 0, "axis": "y", "origin": [14.75, 16.475, 16.75]},
			"faces": {
				"north": {"uv": [3.375, 0, 4, 0.75], "texture": "#0"},
				"east": {"uv": [5.625, 0, 6.25, 0.5], "texture": "#0"},
				"south": {"uv": [3.5, 0, 4.125, 0.625], "texture": "#0"},
				"west": {"uv": [4.5, 0, 5.125, 0.625], "texture": "#0"},
				"up": {"uv": [4.375, 0, 5, 0.625], "texture": "#0"},
				"down": {"uv": [5.75, 0, 6.25, 0.75], "texture": "#0"}
			}
		},
		{
			"from": [7, 3, 8.5],
			"to": [7.25, 3.25, 8.75],
			"rotation": {"angle": 0, "axis": "y", "origin": [15, 11, 17]},
			"faces": {
				"north": {"uv": [3.25, 2.5, 3.875, 3.25], "texture": "#2"},
				"east": {"uv": [5.5, 5.25, 6.125, 5.75], "texture": "#2"},
				"south": {"uv": [3.25, 2.25, 3.875, 2.875], "texture": "#2"},
				"west": {"uv": [3.25, 2.125, 3.875, 2.75], "texture": "#2"},
				"up": {"uv": [3.25, 2.25, 3.875, 2.875], "texture": "#2"},
				"down": {"uv": [3.25, 2.25, 3.75, 3], "texture": "#2"}
			}
		},
		{
			"from": [7.5, 3.5, 8.5],
			"to": [7.75, 3.75, 8.75],
			"rotation": {"angle": 0, "axis": "y", "origin": [15.5, 11.5, 17]},
			"faces": {
				"north": {"uv": [3.25, 2.5, 3.875, 3.25], "texture": "#2"},
				"east": {"uv": [5.5, 5.25, 6.125, 5.75], "texture": "#2"},
				"south": {"uv": [3.25, 2.25, 3.875, 2.875], "texture": "#2"},
				"west": {"uv": [3.25, 2.125, 3.875, 2.75], "texture": "#2"},
				"up": {"uv": [3.25, 2.25, 3.875, 2.875], "texture": "#2"},
				"down": {"uv": [3.25, 2.25, 3.75, 3], "texture": "#2"}
			}
		},
		{
			"from": [7.25, 4, 8.5],
			"to": [7.5, 4.25, 8.75],
			"rotation": {"angle": 0, "axis": "y", "origin": [15.25, 12, 17]},
			"faces": {
				"north": {"uv": [3.25, 2.5, 3.875, 3.25], "texture": "#2"},
				"east": {"uv": [5.5, 5.25, 6.125, 5.75], "texture": "#2"},
				"south": {"uv": [3.25, 2.25, 3.875, 2.875], "texture": "#2"},
				"west": {"uv": [3.25, 2.125, 3.875, 2.75], "texture": "#2"},
				"up": {"uv": [3.25, 2.25, 3.875, 2.875], "texture": "#2"},
				"down": {"uv": [3.25, 2.25, 3.75, 3], "texture": "#2"}
			}
		},
		{
			"from": [6.75, 4.5, 8.5],
			"to": [7, 4.75, 8.75],
			"rotation": {"angle": 0, "axis": "y", "origin": [14.75, 12.5, 17]},
			"faces": {
				"north": {"uv": [3.25, 2.5, 3.875, 3.25], "texture": "#2"},
				"east": {"uv": [5.5, 5.25, 6.125, 5.75], "texture": "#2"},
				"south": {"uv": [3.25, 2.25, 3.875, 2.875], "texture": "#2"},
				"west": {"uv": [3.25, 2.125, 3.875, 2.75], "texture": "#2"},
				"up": {"uv": [3.25, 2.25, 3.875, 2.875], "texture": "#2"},
				"down": {"uv": [3.25, 2.25, 3.75, 3], "texture": "#2"}
			}
		},
		{
			"from": [7, 5, 8.5],
			"to": [7.25, 5.25, 8.75],
			"rotation": {"angle": 0, "axis": "y", "origin": [15, 13, 17]},
			"faces": {
				"north": {"uv": [3.25, 2.5, 3.875, 3.25], "texture": "#2"},
				"east": {"uv": [5.5, 5.25, 6.125, 5.75], "texture": "#2"},
				"south": {"uv": [3.25, 2.25, 3.875, 2.875], "texture": "#2"},
				"west": {"uv": [3.25, 2.125, 3.875, 2.75], "texture": "#2"},
				"up": {"uv": [3.25, 2.25, 3.875, 2.875], "texture": "#2"},
				"down": {"uv": [3.25, 2.25, 3.75, 3], "texture": "#2"}
			}
		},
		{
			"from": [7.25, 5.5, 8.5],
			"to": [7.5, 5.75, 8.75],
			"rotation": {"angle": 0, "axis": "y", "origin": [15.25, 13.5, 17]},
			"faces": {
				"north": {"uv": [3.25, 2.5, 3.875, 3.25], "texture": "#2"},
				"east": {"uv": [5.5, 5.25, 6.125, 5.75], "texture": "#2"},
				"south": {"uv": [3.25, 2.25, 3.875, 2.875], "texture": "#2"},
				"west": {"uv": [3.25, 2.125, 3.875, 2.75], "texture": "#2"},
				"up": {"uv": [3.25, 2.25, 3.875, 2.875], "texture": "#2"},
				"down": {"uv": [3.25, 2.25, 3.75, 3], "texture": "#2"}
			}
		},
		{
			"from": [6.75, 6, 8.5],
			"to": [7, 6.25, 8.75],
			"rotation": {"angle": 0, "axis": "y", "origin": [14.75, 14, 17]},
			"faces": {
				"north": {"uv": [3.25, 2.5, 3.875, 3.25], "texture": "#2"},
				"east": {"uv": [5.5, 5.25, 6.125, 5.75], "texture": "#2"},
				"south": {"uv": [3.25, 2.25, 3.875, 2.875], "texture": "#2"},
				"west": {"uv": [3.25, 2.125, 3.875, 2.75], "texture": "#2"},
				"up": {"uv": [3.25, 2.25, 3.875, 2.875], "texture": "#2"},
				"down": {"uv": [3.25, 2.25, 3.75, 3], "texture": "#2"}
			}
		},
		{
			"from": [7, 6.75, 8.5],
			"to": [7.25, 7, 8.75],
			"rotation": {"angle": 0, "axis": "y", "origin": [15, 14.75, 17]},
			"faces": {
				"north": {"uv": [3.25, 2.5, 3.875, 3.25], "texture": "#2"},
				"east": {"uv": [5.5, 5.25, 6.125, 5.75], "texture": "#2"},
				"south": {"uv": [3.25, 2.25, 3.875, 2.875], "texture": "#2"},
				"west": {"uv": [3.25, 2.125, 3.875, 2.75], "texture": "#2"},
				"up": {"uv": [3.25, 2.25, 3.875, 2.875], "texture": "#2"},
				"down": {"uv": [3.25, 2.25, 3.75, 3], "texture": "#2"}
			}
		},
		{
			"from": [7.5, 8.375, 7.75],
			"to": [7.75, 8.625, 8],
			"rotation": {"angle": 0, "axis": "y", "origin": [15.5, 16.25, 16.25]},
			"faces": {
				"north": {"uv": [3.25, 2.5, 3.875, 3.25], "texture": "#2"},
				"east": {"uv": [5.5, 5.25, 6.125, 5.75], "texture": "#2"},
				"south": {"uv": [3.25, 2.25, 3.875, 2.875], "texture": "#2"},
				"west": {"uv": [3.25, 2.125, 3.875, 2.75], "texture": "#2"},
				"up": {"uv": [3.25, 2.25, 3.875, 2.875], "texture": "#2"},
				"down": {"uv": [3.25, 2.25, 3.75, 3], "texture": "#2"}
			}
		},
		{
			"from": [7.25, 7.875, 7.75],
			"to": [7.5, 8.125, 8],
			"rotation": {"angle": 0, "axis": "y", "origin": [15.25, 15.75, 16.25]},
			"faces": {
				"north": {"uv": [3.25, 2.5, 3.875, 3.25], "texture": "#2"},
				"east": {"uv": [5.5, 5.25, 6.125, 5.75], "texture": "#2"},
				"south": {"uv": [3.25, 2.25, 3.875, 2.875], "texture": "#2"},
				"west": {"uv": [3.25, 2.125, 3.875, 2.75], "texture": "#2"},
				"up": {"uv": [3.25, 2.25, 3.875, 2.875], "texture": "#2"},
				"down": {"uv": [3.25, 2.25, 3.75, 3], "texture": "#2"}
			}
		},
		{
			"from": [6.75, 7.375, 7.75],
			"to": [7, 7.625, 8],
			"rotation": {"angle": 0, "axis": "y", "origin": [14.75, 15.25, 16.25]},
			"faces": {
				"north": {"uv": [3.25, 2.5, 3.875, 3.25], "texture": "#2"},
				"east": {"uv": [5.5, 5.25, 6.125, 5.75], "texture": "#2"},
				"south": {"uv": [3.25, 2.25, 3.875, 2.875], "texture": "#2"},
				"west": {"uv": [3.25, 2.125, 3.875, 2.75], "texture": "#2"},
				"up": {"uv": [3.25, 2.25, 3.875, 2.875], "texture": "#2"},
				"down": {"uv": [3.25, 2.25, 3.75, 3], "texture": "#2"}
			}
		},
		{
			"from": [7.25, 6.875, 7.75],
			"to": [7.5, 7.125, 8],
			"rotation": {"angle": 0, "axis": "y", "origin": [15.25, 14.75, 16.25]},
			"faces": {
				"north": {"uv": [3.25, 2.5, 3.875, 3.25], "texture": "#2"},
				"east": {"uv": [5.5, 5.25, 6.125, 5.75], "texture": "#2"},
				"south": {"uv": [3.25, 2.25, 3.875, 2.875], "texture": "#2"},
				"west": {"uv": [3.25, 2.125, 3.875, 2.75], "texture": "#2"},
				"up": {"uv": [3.25, 2.25, 3.875, 2.875], "texture": "#2"},
				"down": {"uv": [3.25, 2.25, 3.75, 3], "texture": "#2"}
			}
		},
		{
			"from": [7.5, 6.125, 7.75],
			"to": [7.75, 6.375, 8],
			"rotation": {"angle": 0, "axis": "y", "origin": [15.5, 14, 16.25]},
			"faces": {
				"north": {"uv": [3.25, 2.5, 3.875, 3.25], "texture": "#2"},
				"east": {"uv": [5.5, 5.25, 6.125, 5.75], "texture": "#2"},
				"south": {"uv": [3.25, 2.25, 3.875, 2.875], "texture": "#2"},
				"west": {"uv": [3.25, 2.125, 3.875, 2.75], "texture": "#2"},
				"up": {"uv": [3.25, 2.25, 3.875, 2.875], "texture": "#2"},
				"down": {"uv": [3.25, 2.25, 3.75, 3], "texture": "#2"}
			}
		},
		{
			"from": [7, 5.625, 7.75],
			"to": [7.25, 5.875, 8],
			"rotation": {"angle": 0, "axis": "y", "origin": [15, 13.5, 16.25]},
			"faces": {
				"north": {"uv": [3.25, 2.5, 3.875, 3.25], "texture": "#2"},
				"east": {"uv": [5.5, 5.25, 6.125, 5.75], "texture": "#2"},
				"south": {"uv": [3.25, 2.25, 3.875, 2.875], "texture": "#2"},
				"west": {"uv": [3.25, 2.125, 3.875, 2.75], "texture": "#2"},
				"up": {"uv": [3.25, 2.25, 3.875, 2.875], "texture": "#2"},
				"down": {"uv": [3.25, 2.25, 3.75, 3], "texture": "#2"}
			}
		},
		{
			"from": [7.25, 5.125, 7.75],
			"to": [7.5, 5.375, 8],
			"rotation": {"angle": 0, "axis": "y", "origin": [15.25, 13, 16.25]},
			"faces": {
				"north": {"uv": [3.25, 2.5, 3.875, 3.25], "texture": "#2"},
				"east": {"uv": [5.5, 5.25, 6.125, 5.75], "texture": "#2"},
				"south": {"uv": [3.25, 2.25, 3.875, 2.875], "texture": "#2"},
				"west": {"uv": [3.25, 2.125, 3.875, 2.75], "texture": "#2"},
				"up": {"uv": [3.25, 2.25, 3.875, 2.875], "texture": "#2"},
				"down": {"uv": [3.25, 2.25, 3.75, 3], "texture": "#2"}
			}
		},
		{
			"from": [7.25, 4.125, 7.75],
			"to": [7.5, 4.375, 8],
			"rotation": {"angle": 0, "axis": "y", "origin": [15.25, 12, 16.25]},
			"faces": {
				"north": {"uv": [3.25, 2.5, 3.875, 3.25], "texture": "#2"},
				"east": {"uv": [5.5, 5.25, 6.125, 5.75], "texture": "#2"},
				"south": {"uv": [3.25, 2.25, 3.875, 2.875], "texture": "#2"},
				"west": {"uv": [3.25, 2.125, 3.875, 2.75], "texture": "#2"},
				"up": {"uv": [3.25, 2.25, 3.875, 2.875], "texture": "#2"},
				"down": {"uv": [3.25, 2.25, 3.75, 3], "texture": "#2"}
			}
		},
		{
			"from": [7.5, 3.375, 7.75],
			"to": [7.75, 3.625, 8],
			"rotation": {"angle": 0, "axis": "y", "origin": [15.5, 11.25, 16.25]},
			"faces": {
				"north": {"uv": [3.25, 2.5, 3.875, 3.25], "texture": "#2"},
				"east": {"uv": [5.5, 5.25, 6.125, 5.75], "texture": "#2"},
				"south": {"uv": [3.25, 2.25, 3.875, 2.875], "texture": "#2"},
				"west": {"uv": [3.25, 2.125, 3.875, 2.75], "texture": "#2"},
				"up": {"uv": [3.25, 2.25, 3.875, 2.875], "texture": "#2"},
				"down": {"uv": [3.25, 2.25, 3.75, 3], "texture": "#2"}
			}
		},
		{
			"from": [7, 2.875, 7.75],
			"to": [7.25, 3.125, 8],
			"rotation": {"angle": 0, "axis": "y", "origin": [15, 10.75, 16.25]},
			"faces": {
				"north": {"uv": [3.25, 2.5, 3.875, 3.25], "texture": "#2"},
				"east": {"uv": [5.5, 5.25, 6.125, 5.75], "texture": "#2"},
				"south": {"uv": [3.25, 2.25, 3.875, 2.875], "texture": "#2"},
				"west": {"uv": [3.25, 2.125, 3.875, 2.75], "texture": "#2"},
				"up": {"uv": [3.25, 2.25, 3.875, 2.875], "texture": "#2"},
				"down": {"uv": [3.25, 2.25, 3.75, 3], "texture": "#2"}
			}
		},
		{
			"from": [7.25, 2.375, 7.75],
			"to": [7.5, 2.625, 8],
			"rotation": {"angle": 0, "axis": "y", "origin": [15.25, 10.25, 16.25]},
			"faces": {
				"north": {"uv": [3.25, 2.5, 3.875, 3.25], "texture": "#2"},
				"east": {"uv": [5.5, 5.25, 6.125, 5.75], "texture": "#2"},
				"south": {"uv": [3.25, 2.25, 3.875, 2.875], "texture": "#2"},
				"west": {"uv": [3.25, 2.125, 3.875, 2.75], "texture": "#2"},
				"up": {"uv": [3.25, 2.25, 3.875, 2.875], "texture": "#2"},
				"down": {"uv": [3.25, 2.25, 3.75, 3], "texture": "#2"}
			}
		},
		{
			"from": [6.75, 8.125, 8.5],
			"to": [7, 8.375, 8.75],
			"rotation": {"angle": 0, "axis": "y", "origin": [14.5, 16, 17]},
			"faces": {
				"north": {"uv": [3.25, 2.5, 3.875, 3.25], "texture": "#2"},
				"east": {"uv": [5.5, 5.25, 6.125, 5.75], "texture": "#2"},
				"south": {"uv": [3.25, 2.25, 3.875, 2.875], "texture": "#2"},
				"west": {"uv": [3.25, 2.125, 3.875, 2.75], "texture": "#2"},
				"up": {"uv": [3.25, 2.25, 3.875, 2.875], "texture": "#2"},
				"down": {"uv": [3.25, 2.25, 3.75, 3], "texture": "#2"}
			}
		},
		{
			"from": [6.75, 7.375, 8.25],
			"to": [7, 7.625, 8.5],
			"rotation": {"angle": 0, "axis": "y", "origin": [14.5, 15.25, 16.75]},
			"faces": {
				"north": {"uv": [3.25, 2.5, 3.875, 3.25], "texture": "#2"},
				"east": {"uv": [5.5, 5.25, 6.125, 5.75], "texture": "#2"},
				"south": {"uv": [3.25, 2.25, 3.875, 2.875], "texture": "#2"},
				"west": {"uv": [3.25, 2.125, 3.875, 2.75], "texture": "#2"},
				"up": {"uv": [3.25, 2.25, 3.875, 2.875], "texture": "#2"},
				"down": {"uv": [3.25, 2.25, 3.75, 3], "texture": "#2"}
			}
		},
		{
			"from": [6.75, 7.875, 7.75],
			"to": [7, 8.125, 8],
			"rotation": {"angle": 0, "axis": "y", "origin": [14.5, 15.75, 16.25]},
			"faces": {
				"north": {"uv": [3.25, 2.5, 3.875, 3.25], "texture": "#2"},
				"east": {"uv": [5.5, 5.25, 6.125, 5.75], "texture": "#2"},
				"south": {"uv": [3.25, 2.25, 3.875, 2.875], "texture": "#2"},
				"west": {"uv": [3.25, 2.125, 3.875, 2.75], "texture": "#2"},
				"up": {"uv": [3.25, 2.25, 3.875, 2.875], "texture": "#2"},
				"down": {"uv": [3.25, 2.25, 3.75, 3], "texture": "#2"}
			}
		},
		{
			"from": [6.75, 6.875, 8],
			"to": [7, 7.125, 8.25],
			"rotation": {"angle": 0, "axis": "y", "origin": [14.5, 14.75, 16.5]},
			"faces": {
				"north": {"uv": [3.25, 2.5, 3.875, 3.25], "texture": "#2"},
				"east": {"uv": [5.5, 5.25, 6.125, 5.75], "texture": "#2"},
				"south": {"uv": [3.25, 2.25, 3.875, 2.875], "texture": "#2"},
				"west": {"uv": [3.25, 2.125, 3.875, 2.75], "texture": "#2"},
				"up": {"uv": [3.25, 2.25, 3.875, 2.875], "texture": "#2"},
				"down": {"uv": [3.25, 2.25, 3.75, 3], "texture": "#2"}
			}
		},
		{
			"from": [6.75, 6.375, 7.75],
			"to": [7, 6.625, 8],
			"rotation": {"angle": 0, "axis": "y", "origin": [14.5, 14.25, 16.25]},
			"faces": {
				"north": {"uv": [3.25, 2.5, 3.875, 3.25], "texture": "#2"},
				"east": {"uv": [5.5, 5.25, 6.125, 5.75], "texture": "#2"},
				"south": {"uv": [3.25, 2.25, 3.875, 2.875], "texture": "#2"},
				"west": {"uv": [3.25, 2.125, 3.875, 2.75], "texture": "#2"},
				"up": {"uv": [3.25, 2.25, 3.875, 2.875], "texture": "#2"},
				"down": {"uv": [3.25, 2.25, 3.75, 3], "texture": "#2"}
			}
		},
		{
			"from": [6.75, 5.875, 8],
			"to": [7, 6.125, 8.25],
			"rotation": {"angle": 0, "axis": "y", "origin": [14.5, 13.75, 16.5]},
			"faces": {
				"north": {"uv": [3.25, 2.5, 3.875, 3.25], "texture": "#2"},
				"east": {"uv": [5.5, 5.25, 6.125, 5.75], "texture": "#2"},
				"south": {"uv": [3.25, 2.25, 3.875, 2.875], "texture": "#2"},
				"west": {"uv": [3.25, 2.125, 3.875, 2.75], "texture": "#2"},
				"up": {"uv": [3.25, 2.25, 3.875, 2.875], "texture": "#2"},
				"down": {"uv": [3.25, 2.25, 3.75, 3], "texture": "#2"}
			}
		},
		{
			"from": [6.75, 5.375, 8.25],
			"to": [7, 5.625, 8.5],
			"rotation": {"angle": 0, "axis": "y", "origin": [14.5, 13.25, 16.75]},
			"faces": {
				"north": {"uv": [3.25, 2.5, 3.875, 3.25], "texture": "#2"},
				"east": {"uv": [5.5, 5.25, 6.125, 5.75], "texture": "#2"},
				"south": {"uv": [3.25, 2.25, 3.875, 2.875], "texture": "#2"},
				"west": {"uv": [3.25, 2.125, 3.875, 2.75], "texture": "#2"},
				"up": {"uv": [3.25, 2.25, 3.875, 2.875], "texture": "#2"},
				"down": {"uv": [3.25, 2.25, 3.75, 3], "texture": "#2"}
			}
		},
		{
			"from": [6.75, 4.625, 7.75],
			"to": [7, 4.875, 8],
			"rotation": {"angle": 0, "axis": "y", "origin": [14.5, 12.5, 16.25]},
			"faces": {
				"north": {"uv": [3.25, 2.5, 3.875, 3.25], "texture": "#2"},
				"east": {"uv": [5.5, 5.25, 6.125, 5.75], "texture": "#2"},
				"south": {"uv": [3.25, 2.25, 3.875, 2.875], "texture": "#2"},
				"west": {"uv": [3.25, 2.125, 3.875, 2.75], "texture": "#2"},
				"up": {"uv": [3.25, 2.25, 3.875, 2.875], "texture": "#2"},
				"down": {"uv": [3.25, 2.25, 3.75, 3], "texture": "#2"}
			}
		},
		{
			"from": [6.75, 4.1, 8],
			"to": [7, 4.35, 8.25],
			"rotation": {"angle": 0, "axis": "y", "origin": [14.5, 11.975, 16.5]},
			"faces": {
				"north": {"uv": [3.25, 2.5, 3.875, 3.25], "texture": "#2"},
				"east": {"uv": [5.5, 5.25, 6.125, 5.75], "texture": "#2"},
				"south": {"uv": [3.25, 2.25, 3.875, 2.875], "texture": "#2"},
				"west": {"uv": [3.25, 2.125, 3.875, 2.75], "texture": "#2"},
				"up": {"uv": [3.25, 2.25, 3.875, 2.875], "texture": "#2"},
				"down": {"uv": [3.25, 2.25, 3.75, 3], "texture": "#2"}
			}
		},
		{
			"from": [6.75, 3.6, 8.25],
			"to": [7, 3.85, 8.5],
			"rotation": {"angle": 0, "axis": "y", "origin": [14.5, 11.475, 16.75]},
			"faces": {
				"north": {"uv": [3.25, 2.5, 3.875, 3.25], "texture": "#2"},
				"east": {"uv": [5.5, 5.25, 6.125, 5.75], "texture": "#2"},
				"south": {"uv": [3.25, 2.25, 3.875, 2.875], "texture": "#2"},
				"west": {"uv": [3.25, 2.125, 3.875, 2.75], "texture": "#2"},
				"up": {"uv": [3.25, 2.25, 3.875, 2.875], "texture": "#2"},
				"down": {"uv": [3.25, 2.25, 3.75, 3], "texture": "#2"}
			}
		},
		{
			"from": [6.75, 3.35, 7.75],
			"to": [7, 3.6, 8],
			"rotation": {"angle": 0, "axis": "y", "origin": [14.5, 11.225, 16.25]},
			"faces": {
				"north": {"uv": [3.25, 2.5, 3.875, 3.25], "texture": "#2"},
				"east": {"uv": [5.5, 5.25, 6.125, 5.75], "texture": "#2"},
				"south": {"uv": [3.25, 2.25, 3.875, 2.875], "texture": "#2"},
				"west": {"uv": [3.25, 2.125, 3.875, 2.75], "texture": "#2"},
				"up": {"uv": [3.25, 2.25, 3.875, 2.875], "texture": "#2"},
				"down": {"uv": [3.25, 2.25, 3.75, 3], "texture": "#2"}
			}
		},
		{
			"from": [6.75, 3.1, 8.25],
			"to": [7, 3.35, 8.5],
			"rotation": {"angle": 0, "axis": "y", "origin": [14.5, 10.975, 16.75]},
			"faces": {
				"north": {"uv": [3.25, 2.5, 3.875, 3.25], "texture": "#2"},
				"east": {"uv": [5.5, 5.25, 6.125, 5.75], "texture": "#2"},
				"south": {"uv": [3.25, 2.25, 3.875, 2.875], "texture": "#2"},
				"west": {"uv": [3.25, 2.125, 3.875, 2.75], "texture": "#2"},
				"up": {"uv": [3.25, 2.25, 3.875, 2.875], "texture": "#2"},
				"down": {"uv": [3.25, 2.25, 3.75, 3], "texture": "#2"}
			}
		},
		{
			"from": [6.75, 2.6, 8.5],
			"to": [7, 2.85, 8.75],
			"rotation": {"angle": 0, "axis": "y", "origin": [14.5, 10.475, 17]},
			"faces": {
				"north": {"uv": [3.25, 2.5, 3.875, 3.25], "texture": "#2"},
				"east": {"uv": [5.5, 5.25, 6.125, 5.75], "texture": "#2"},
				"south": {"uv": [3.25, 2.25, 3.875, 2.875], "texture": "#2"},
				"west": {"uv": [3.25, 2.125, 3.875, 2.75], "texture": "#2"},
				"up": {"uv": [3.25, 2.25, 3.875, 2.875], "texture": "#2"},
				"down": {"uv": [3.25, 2.25, 3.75, 3], "texture": "#2"}
			}
		},
		{
			"from": [6.75, 2.35, 7.75],
			"to": [7, 2.6, 8],
			"rotation": {"angle": 0, "axis": "y", "origin": [14.5, 10.225, 16.25]},
			"faces": {
				"north": {"uv": [3.25, 2.5, 3.875, 3.25], "texture": "#2"},
				"east": {"uv": [5.5, 5.25, 6.125, 5.75], "texture": "#2"},
				"south": {"uv": [3.25, 2.25, 3.875, 2.875], "texture": "#2"},
				"west": {"uv": [3.25, 2.125, 3.875, 2.75], "texture": "#2"},
				"up": {"uv": [3.25, 2.25, 3.875, 2.875], "texture": "#2"},
				"down": {"uv": [3.25, 2.25, 3.75, 3], "texture": "#2"}
			}
		},
		{
			"from": [7.5, 2.35, 7.75],
			"to": [7.75, 2.6, 8],
			"rotation": {"angle": 0, "axis": "y", "origin": [15.25, 10.225, 16.25]},
			"faces": {
				"north": {"uv": [3.25, 2.5, 3.875, 3.25], "texture": "#2"},
				"east": {"uv": [5.5, 5.25, 6.125, 5.75], "texture": "#2"},
				"south": {"uv": [3.25, 2.25, 3.875, 2.875], "texture": "#2"},
				"west": {"uv": [3.25, 2.125, 3.875, 2.75], "texture": "#2"},
				"up": {"uv": [3.25, 2.25, 3.875, 2.875], "texture": "#2"},
				"down": {"uv": [3.25, 2.25, 3.75, 3], "texture": "#2"}
			}
		},
		{
			"from": [7.5, 2.85, 8],
			"to": [7.75, 3.1, 8.25],
			"rotation": {"angle": 0, "axis": "y", "origin": [15.25, 10.725, 16.5]},
			"faces": {
				"north": {"uv": [3.25, 2.5, 3.875, 3.25], "texture": "#2"},
				"east": {"uv": [5.5, 5.25, 6.125, 5.75], "texture": "#2"},
				"south": {"uv": [3.25, 2.25, 3.875, 2.875], "texture": "#2"},
				"west": {"uv": [3.25, 2.125, 3.875, 2.75], "texture": "#2"},
				"up": {"uv": [3.25, 2.25, 3.875, 2.875], "texture": "#2"},
				"down": {"uv": [3.25, 2.25, 3.75, 3], "texture": "#2"}
			}
		},
		{
			"from": [7.5, 3.85, 8],
			"to": [7.75, 4.1, 8.25],
			"rotation": {"angle": 0, "axis": "y", "origin": [15.25, 11.725, 16.5]},
			"faces": {
				"north": {"uv": [3.25, 2.5, 3.875, 3.25], "texture": "#2"},
				"east": {"uv": [5.5, 5.25, 6.125, 5.75], "texture": "#2"},
				"south": {"uv": [3.25, 2.25, 3.875, 2.875], "texture": "#2"},
				"west": {"uv": [3.25, 2.125, 3.875, 2.75], "texture": "#2"},
				"up": {"uv": [3.25, 2.25, 3.875, 2.875], "texture": "#2"},
				"down": {"uv": [3.25, 2.25, 3.75, 3], "texture": "#2"}
			}
		},
		{
			"from": [7.5, 4.35, 8.25],
			"to": [7.75, 4.6, 8.5],
			"rotation": {"angle": 0, "axis": "y", "origin": [15.25, 12.225, 16.75]},
			"faces": {
				"north": {"uv": [3.25, 2.5, 3.875, 3.25], "texture": "#2"},
				"east": {"uv": [5.5, 5.25, 6.125, 5.75], "texture": "#2"},
				"south": {"uv": [3.25, 2.25, 3.875, 2.875], "texture": "#2"},
				"west": {"uv": [3.25, 2.125, 3.875, 2.75], "texture": "#2"},
				"up": {"uv": [3.25, 2.25, 3.875, 2.875], "texture": "#2"},
				"down": {"uv": [3.25, 2.25, 3.75, 3], "texture": "#2"}
			}
		},
		{
			"from": [7.5, 5.1, 8.5],
			"to": [7.75, 5.35, 8.75],
			"rotation": {"angle": 0, "axis": "y", "origin": [15.25, 12.975, 17]},
			"faces": {
				"north": {"uv": [3.25, 2.5, 3.875, 3.25], "texture": "#2"},
				"east": {"uv": [5.5, 5.25, 6.125, 5.75], "texture": "#2"},
				"south": {"uv": [3.25, 2.25, 3.875, 2.875], "texture": "#2"},
				"west": {"uv": [3.25, 2.125, 3.875, 2.75], "texture": "#2"},
				"up": {"uv": [3.25, 2.25, 3.875, 2.875], "texture": "#2"},
				"down": {"uv": [3.25, 2.25, 3.75, 3], "texture": "#2"}
			}
		},
		{
			"from": [7.5, 5.6, 8],
			"to": [7.75, 5.85, 8.25],
			"rotation": {"angle": 0, "axis": "y", "origin": [15.25, 13.475, 16.5]},
			"faces": {
				"north": {"uv": [3.25, 2.5, 3.875, 3.25], "texture": "#2"},
				"east": {"uv": [5.5, 5.25, 6.125, 5.75], "texture": "#2"},
				"south": {"uv": [3.25, 2.25, 3.875, 2.875], "texture": "#2"},
				"west": {"uv": [3.25, 2.125, 3.875, 2.75], "texture": "#2"},
				"up": {"uv": [3.25, 2.25, 3.875, 2.875], "texture": "#2"},
				"down": {"uv": [3.25, 2.25, 3.75, 3], "texture": "#2"}
			}
		},
		{
			"from": [7.5, 6.35, 8.25],
			"to": [7.75, 6.6, 8.5],
			"rotation": {"angle": 0, "axis": "y", "origin": [15.25, 14.225, 16.75]},
			"faces": {
				"north": {"uv": [3.25, 2.5, 3.875, 3.25], "texture": "#2"},
				"east": {"uv": [5.5, 5.25, 6.125, 5.75], "texture": "#2"},
				"south": {"uv": [3.25, 2.25, 3.875, 2.875], "texture": "#2"},
				"west": {"uv": [3.25, 2.125, 3.875, 2.75], "texture": "#2"},
				"up": {"uv": [3.25, 2.25, 3.875, 2.875], "texture": "#2"},
				"down": {"uv": [3.25, 2.25, 3.75, 3], "texture": "#2"}
			}
		},
		{
			"from": [7.5, 7.1, 8],
			"to": [7.75, 7.35, 8.25],
			"rotation": {"angle": 0, "axis": "y", "origin": [15.25, 14.975, 16.5]},
			"faces": {
				"north": {"uv": [3.25, 2.5, 3.875, 3.25], "texture": "#2"},
				"east": {"uv": [5.5, 5.25, 6.125, 5.75], "texture": "#2"},
				"south": {"uv": [3.25, 2.25, 3.875, 2.875], "texture": "#2"},
				"west": {"uv": [3.25, 2.125, 3.875, 2.75], "texture": "#2"},
				"up": {"uv": [3.25, 2.25, 3.875, 2.875], "texture": "#2"},
				"down": {"uv": [3.25, 2.25, 3.75, 3], "texture": "#2"}
			}
		},
		{
			"from": [7.5, 7.6, 8.25],
			"to": [7.75, 7.85, 8.5],
			"rotation": {"angle": 0, "axis": "y", "origin": [15.25, 15.475, 16.75]},
			"faces": {
				"north": {"uv": [3.25, 2.5, 3.875, 3.25], "texture": "#2"},
				"east": {"uv": [5.5, 5.25, 6.125, 5.75], "texture": "#2"},
				"south": {"uv": [3.25, 2.25, 3.875, 2.875], "texture": "#2"},
				"west": {"uv": [3.25, 2.125, 3.875, 2.75], "texture": "#2"},
				"up": {"uv": [3.25, 2.25, 3.875, 2.875], "texture": "#2"},
				"down": {"uv": [3.25, 2.25, 3.75, 3], "texture": "#2"}
			}
		},
		{
			"from": [7.5, 8.1, 8.5],
			"to": [7.75, 8.35, 8.75],
			"rotation": {"angle": 0, "axis": "y", "origin": [15.25, 15.975, 17]},
			"faces": {
				"north": {"uv": [3.25, 2.5, 3.875, 3.25], "texture": "#2"},
				"east": {"uv": [5.5, 5.25, 6.125, 5.75], "texture": "#2"},
				"south": {"uv": [3.25, 2.25, 3.875, 2.875], "texture": "#2"},
				"west": {"uv": [3.25, 2.125, 3.875, 2.75], "texture": "#2"},
				"up": {"uv": [3.25, 2.25, 3.875, 2.875], "texture": "#2"},
				"down": {"uv": [3.25, 2.25, 3.75, 3], "texture": "#2"}
			}
		},
		{
			"from": [7.5, 7, 8.5],
			"to": [7.75, 7.25, 8.75],
			"rotation": {"angle": 0, "axis": "y", "origin": [15.5, 15, 17]},
			"faces": {
				"north": {"uv": [3.25, 2.5, 3.875, 3.25], "texture": "#2"},
				"east": {"uv": [5.5, 5.25, 6.125, 5.75], "texture": "#2"},
				"south": {"uv": [3.25, 2.25, 3.875, 2.875], "texture": "#2"},
				"west": {"uv": [3.25, 2.125, 3.875, 2.75], "texture": "#2"},
				"up": {"uv": [3.25, 2.25, 3.875, 2.875], "texture": "#2"},
				"down": {"uv": [3.25, 2.25, 3.75, 3], "texture": "#2"}
			}
		},
		{
			"from": [7.375, 7.75, 8.5],
			"to": [7.625, 8, 8.75],
			"rotation": {"angle": 0, "axis": "y", "origin": [15.25, 15.75, 17]},
			"faces": {
				"north": {"uv": [3.25, 2.5, 3.875, 3.25], "texture": "#2"},
				"east": {"uv": [5.5, 5.25, 6.125, 5.75], "texture": "#2"},
				"south": {"uv": [3.25, 2.25, 3.875, 2.875], "texture": "#2"},
				"west": {"uv": [3.25, 2.125, 3.875, 2.75], "texture": "#2"},
				"up": {"uv": [3.25, 2.25, 3.875, 2.875], "texture": "#2"},
				"down": {"uv": [3.25, 2.25, 3.75, 3], "texture": "#2"}
			}
		},
		{
			"from": [6.875, 7.5, 8.5],
			"to": [7.125, 7.75, 8.75],
			"rotation": {"angle": 0, "axis": "y", "origin": [14.75, 15.5, 17]},
			"faces": {
				"north": {"uv": [3.25, 2.5, 3.875, 3.25], "texture": "#2"},
				"east": {"uv": [5.5, 5.25, 6.125, 5.75], "texture": "#2"},
				"south": {"uv": [3.25, 2.25, 3.875, 2.875], "texture": "#2"},
				"west": {"uv": [3.25, 2.125, 3.875, 2.75], "texture": "#2"},
				"up": {"uv": [3.25, 2.25, 3.875, 2.875], "texture": "#2"},
				"down": {"uv": [3.25, 2.25, 3.75, 3], "texture": "#2"}
			}
		},
		{
			"from": [7.125, 6.25, 8.5],
			"to": [7.375, 6.5, 8.75],
			"rotation": {"angle": 0, "axis": "y", "origin": [15, 14.25, 17]},
			"faces": {
				"north": {"uv": [3.25, 2.5, 3.875, 3.25], "texture": "#2"},
				"east": {"uv": [5.5, 5.25, 6.125, 5.75], "texture": "#2"},
				"south": {"uv": [3.25, 2.25, 3.875, 2.875], "texture": "#2"},
				"west": {"uv": [3.25, 2.125, 3.875, 2.75], "texture": "#2"},
				"up": {"uv": [3.25, 2.25, 3.875, 2.875], "texture": "#2"},
				"down": {"uv": [3.25, 2.25, 3.75, 3], "texture": "#2"}
			}
		},
		{
			"from": [7.375, 4.5, 8.5],
			"to": [7.625, 4.75, 8.75],
			"rotation": {"angle": 0, "axis": "y", "origin": [15.25, 12.5, 17]},
			"faces": {
				"north": {"uv": [3.25, 2.5, 3.875, 3.25], "texture": "#2"},
				"east": {"uv": [5.5, 5.25, 6.125, 5.75], "texture": "#2"},
				"south": {"uv": [3.25, 2.25, 3.875, 2.875], "texture": "#2"},
				"west": {"uv": [3.25, 2.125, 3.875, 2.75], "texture": "#2"},
				"up": {"uv": [3.25, 2.25, 3.875, 2.875], "texture": "#2"},
				"down": {"uv": [3.25, 2.25, 3.75, 3], "texture": "#2"}
			}
		}
	],
	"display": {
		"thirdperson_righthand": {
			"translation": [1, 7.5, 1.25]
		},
		"thirdperson_lefthand": {
			"translation": [1, 7.5, 1.25]
		},
		"firstperson_righthand": {
			"rotation": [-16, 0, 0],
			"translation": [0, 7.25, 0]
		},
		"firstperson_lefthand": {
			"rotation": [-16, 0, 0],
			"translation": [0, 7.25, 0]
		},
		"ground": {
			"translation": [0, 5, 0]
		}
	},
	"groups": [0, 1, 2,
		{
			"name": "group",
			"origin": [8, 8, 8],
			"children": [3, 4, 5, 6, 7, 8, 9, 10, 11, 12, 13, 14, 15, 16, 17, 18, 19, 20, 21, 22, 23, 24, 25, 26, 27, 28, 29, 30, 31, 32, 33, 34, 35, 36, 37, 38, 39, 40, 41, 42, 43, 44, 45, 46, 47, 48, 49, 50]
		}
	]
}